{"cameraMode":{"drawMode":0,"name":"Shaded","section":"Shading Mode"},"sceneLighting":false,"audioPlay":false,"sceneViewState":{"showFog":true,"showMaterialUpdate":true,"showSkybox":false,"showFlares":true,"showImageEffects":true,"showParticleSystems":true},"in2DMode":false,"pivot":{"x":0.8599929809570313,"y":4.042391777038574,"z":0.09001457691192627},"rotation":{"x":-0.2432508021593094,"y":-0.05216985195875168,"z":0.012332302518188954,"w":-0.9686402678489685},"size":8.788698196411133,"orthographic":false}