{"cameraMode":{"drawMode":0,"name":"Shaded","section":"Shading Mode"},"sceneLighting":false,"audioPlay":false,"sceneViewState":{"showFog":true,"showMaterialUpdate":true,"showSkybox":false,"showFlares":true,"showImageEffects":true,"showParticleSystems":true},"in2DMode":false,"pivot":{"x":-0.0009766817092895508,"y":0.2469254434108734,"z":1.1920928955078126e-7},"rotation":{"x":0.14036136865615846,"y":-0.04629964381456375,"z":0.007537608500570059,"w":0.9892017841339111},"size":0.688957154750824,"orthographic":false}