{"cameraMode":{"drawMode":0,"name":"Shaded","section":"Shading Mode"},"sceneLighting":false,"audioPlay":false,"sceneViewState":{"showFog":true,"showMaterialUpdate":true,"showSkybox":false,"showFlares":true,"showImageEffects":true,"showParticleSystems":true},"in2DMode":false,"pivot":{"x":284.010009765625,"y":1.8899998664855958,"z":625.719970703125},"rotation":{"x":-0.15750865638256074,"y":-0.6969954967498779,"z":0.16015219688415528,"w":-0.6813793182373047},"size":1.2247447967529297,"orthographic":false}