{"cameraMode":{"drawMode":0,"name":"Shaded","section":"Shading Mode"},"sceneLighting":false,"audioPlay":false,"sceneViewState":{"showFog":true,"showMaterialUpdate":true,"showSkybox":false,"showFlares":true,"showImageEffects":true,"showParticleSystems":true},"in2DMode":false,"pivot":{"x":-0.0027494430541992189,"y":0.4614076316356659,"z":-0.0011920928955078126},"rotation":{"x":-0.3008255064487457,"y":-0.05709686875343323,"z":0.017238637432456018,"w":-0.9520683288574219},"size":0.9129132628440857,"orthographic":false}