{"cameraMode":{"drawMode":0,"name":"Shaded","section":"Shading Mode"},"sceneLighting":true,"audioPlay":false,"sceneViewState":{"showFog":true,"showMaterialUpdate":true,"showSkybox":true,"showFlares":true,"showImageEffects":true,"showParticleSystems":true},"in2DMode":false,"pivot":{"x":286.3004150390625,"y":1.609115719795227,"z":631.7501831054688},"rotation":{"x":-0.25910404324531557,"y":-0.11907515674829483,"z":0.031523581594228747,"w":-0.9582487940788269},"size":13.32386302947998,"orthographic":false}