{"cameraMode":{"drawMode":0,"name":"Shaded","section":"Shading Mode"},"sceneLighting":false,"audioPlay":false,"sceneViewState":{"showFog":true,"showMaterialUpdate":true,"showSkybox":false,"showFlares":true,"showImageEffects":true,"showParticleSystems":true},"in2DMode":false,"pivot":{"x":-0.020044684410095216,"y":0.3035648763179779,"z":0.0022062063217163088},"rotation":{"x":-0.2320200651884079,"y":-0.6624040603637695,"z":0.22632037103176118,"w":-0.6757622957229614},"size":0.8795125484466553,"orthographic":false}